file,type,gender,race,style,source,pose,resolution
warrior_001.png,warrior,male,orc,retro_8bit,rpg_fantasy,action,128x128
warrior_002.png,warrior,female,dwarf,retro_8bit,rpg_fantasy,full_body,32x32
warrior_003.png,warrior,female,human,retro_8bit,rpg_fantasy,full_body,32x32
warrior_004.png,warrior,male,dwarf,arcade_pixel,rpg_fantasy,action,64x64
warrior_005.png,warrior,female,human,clean_pixel,rpg_fantasy,full_body,64x64
knight_001.png,knight,male,elf,retro_8bit,rpg_fantasy,action,32x32
knight_002.png,knight,male,human,arcade_pixel,rpg_fantasy,action,64x64
knight_003.png,knight,male,elf,clean_pixel,rpg_fantasy,idle,128x128
knight_004.png,knight,male,human,clean_pixel,rpg_fantasy,full_body,32x32
knight_005.png,knight,male,human,arcade_pixel,rpg_fantasy,full_body,32x32
mage_001.png,mage,female,dark_elf,retro_8bit,rpg_fantasy,full_body,64x64
mage_002.png,mage,male,dark_elf,clean_pixel,rpg_fantasy,front_view,64x64
mage_003.png,mage,female,human,retro_8bit,rpg_fantasy,front_view,128x128
mage_004.png,mage,female,human,retro_8bit,rpg_fantasy,idle,128x128
mage_005.png,mage,male,elf,detailed_pixel,rpg_fantasy,action,128x128
archer_001.png,archer,female,elf,clean_pixel,rpg_fantasy,front_view,32x32
archer_002.png,archer,female,elf,retro_8bit,rpg_fantasy,front_view,32x32
archer_003.png,archer,female,elf,clean_pixel,rpg_fantasy,full_body,64x64
archer_004.png,archer,female,elf,clean_pixel,rpg_fantasy,action,32x32
archer_005.png,archer,female,human,clean_pixel,rpg_fantasy,idle,32x32
dragon_001.png,dragon,genderless,dragonkin,detailed_pixel,rpg_fantasy,idle,32x32
dragon_002.png,dragon,genderless,dragonkin,retro_8bit,rpg_fantasy,full_body,128x128
dragon_003.png,dragon,genderless,dragonkin,retro_8bit,rpg_fantasy,full_body,32x32
dragon_004.png,dragon,genderless,dragonkin,retro_16bit,rpg_fantasy,action,128x128
dragon_005.png,dragon,genderless,dragonkin,arcade_pixel,rpg_fantasy,front_view,128x128
robot_001.png,robot,genderless,robot,detailed_pixel,rpg_fantasy,front_view,32x32
robot_002.png,robot,genderless,robot,arcade_pixel,rpg_fantasy,full_body,64x64
robot_003.png,robot,genderless,robot,arcade_pixel,rpg_fantasy,front_view,128x128
robot_004.png,robot,genderless,robot,arcade_pixel,rpg_fantasy,idle,32x32
robot_005.png,robot,genderless,robot,retro_8bit,rpg_fantasy,full_body,32x32
weapon_001.png,weapon,genderless,item,retro_16bit,rpg_fantasy,idle,128x128
weapon_002.png,weapon,genderless,item,retro_8bit,rpg_fantasy,front_view,32x32
weapon_003.png,weapon,genderless,item,clean_pixel,rpg_fantasy,front_view,128x128
weapon_004.png,weapon,genderless,item,clean_pixel,rpg_fantasy,idle,64x64
weapon_005.png,weapon,genderless,item,arcade_pixel,rpg_fantasy,action,32x32
merchant_001.png,merchant,female,human,retro_8bit,rpg_fantasy,action,32x32
merchant_002.png,merchant,male,human,detailed_pixel,rpg_fantasy,action,128x128
merchant_003.png,merchant,male,dwarf,arcade_pixel,rpg_fantasy,idle,32x32
merchant_004.png,merchant,male,human,clean_pixel,rpg_fantasy,action,64x64
merchant_005.png,merchant,male,dwarf,retro_8bit,rpg_fantasy,idle,64x64